Колесо поворотное,шт,1169
баллон аргон(купить),шт,5000
баллон аргон (заправка),шт,1000
Колесо промышленное поворотное,шт,366
Колесо пневматическое под ось,шт,635
Установка воздушно-плазменной резки,шт,108076
Фильтр-влагоотделитель,шт,450000
плазмотрон,шт,36000
Набор ударных отверток,шт,2690
Пруток,шт,7154
пруток,шт,12900
"Мерный стакан 1,900 мл",шт,870
Лезвия ольфа 30 градусов,уп,846
Атс 20 Грунт акриловый,кг,53
Jw m 100 серебро 05 - комплект,кг,7710
Перчатки дермогрип,уп,100
Ацетон,л,109
винты м6 под покраску,шт,750
навес папа,шт,174
навес мама,шт,56
ракель фетровый ORAFOL 70х100мм,шт,190
Ракель выгонка 195х60,шт,465
Ракель жёсткий синий 100х70,шт,140
Выгонка для тонировки White AMG 113,шт,361
газ универсальный всесезонный для портативных газовых прборов для горелки,шт,141
Штангенциркуль межосевой,шт,2400
Круг шлифовальный Ø150 Р120,уп,3484
Круг шлифовальный Ø150 Р150,уп,3484
Круг шлифовальный Ø150 Р220,уп,3484
Круг шлифовальный Ø150 Р400,уп,3484
Круг шлифовальный Ø125 Р80,уп,1579
Круг шлифовальный Ø125 Р120,уп,3048
Круг шлифовальный Ø125 Р150,уп,3048
Круг шлифовальный Ø125 Р400,уп,3048
Сверло по металлу 2.6,уп,357
Сверло по металлу 2.7,уп,700
Метчик м3,уп,858
Ключ разводной,шт,1124
Полотно для сабельной пилы,шт,336
C - WELD Электролит для очистки сварных швов,шт,1320
Метчики метрические комплектные м3х0.5мм,шт,151
Петля гаражная 160х40,шт,550
ДИСКИ ОТРЕЗНЫЕ,шт,51
клей контактный,шт,7294
"Неодимовый магнит КОБАЛЬТ диск 8х3 мм, блистер 918-108",шт,33
СОЖ,шт,3553
нож макетный OLFA,шт,1307
нож макетный OLFA маленький,шт,1021
дабл скотч 5-6мм,шт,839
дабл скотч 10мм,шт,1081
сверло по нержавейке,шт,2000
спирт 5л.,шт,450
быстромёт рал 9005 20 кг,кг,620
Гайка DIN 934 М24,шт,20
перчатки хб,шт,3500
Круг / пруток 8 мм из нержавеющей стали круглый,шт,2000
"Труба 15х2,8 вгп дл 6",кг,120
"Фотополимерная УФ-смола ERYONE, для 3D-печати 1 кг Water Washable Gray",кг,1500
"KRABY лифт фрикц. откр., L=244, 60Н (42012010UZ)",шт,1466
колеса большие красные,шт,1557
"Пылесос для автомобиля беспроводной, Vacuum Cleaner",шт,4990
"Стриппер для кабеля боковой""",шт,1664
Стриппер для кабеля прямой,шт,6045
Бокорезы победитовые,шт,926
Изолон,шт,158
Вспененный мат,шт,385
Светильник светодиодный,шт,2000
мдф 16,шт,1890
лазерный уровень,шт,14500
трос стальной 3 мм на монтаж,п.м,120
"мдф 16 мм 2,08х2,87",шт,1890
проф труба 150х80х6,п.м,100
МПК 4 мм молочный светорассеивающий 2.0х3.0м,шт,580
Грунт pps20,кг,826
Разбавитель s70,кг,187
"Отвердитель с20 по 12,5 кг",шт,6242
Марилка pf5t03,кг,3403
Наждачка диаметр 150 зерно 180 2 пачки,шт,1500
Напольный фильтр для камеры,п.м,2380
Рал 830-М спец эффект + компоненты,кг,6785
Грунт прямо на металл Рефлекс,кг,957
Солярка диз.т,л,85
Спирт этил 75%,л,450
Шпилька DIN 976-1 М20 прочность минимум 8.8 резьбовая покрытие цинк 1м,шт,434
Электроды вольфрамовые WL-20-175 (10 шт; 3.2 мм; синий; AC/DC) Gigant G-609,шт,3689
Электрод вольфрамовый WL-20-175 (10 шт; 2.4 мм; синий; AC/DC) Кедр 7340005,шт,2420
Редуктор аргоновый У-30/АР-40 с двумя расходомером Профессионал 107923,шт,2910
Пруток ER 308LSi (2 мм; 5 кг) BRIMA 0009270,кг,291
Пруток сварочный нержавеющий ER 308L (5 кг; 1.6 мм; 1000 мм) WELDO X3972,кг,1269
"Маркер для отверстий и труднодоступных мест, 0,7-1мм, черный, БЛИСТЕР Edding E-8850#1",шт,413
Газ Аргон старые балоны,л,1000
Газ Аргон новый балон (на склад),л,15000
Гайка колпачковая DIN 1587 М20,шт,213
DIN 7982-ST Саморез 4.8х25,шт,29
DIN 968-ST Саморез 4.8х19,шт,32
DIN 580 Рым болт М20,шт,520
DIN 6340 ШАЙБА ПЛОСКАЯ УСИЛЕННАЯ 350HV ЦИНК М20,шт,48
"Двигатель 5шт (4 для рамки, 1 для подсолнуха):",шт,6268
Угловой кронштейн,шт,233
"Муфта для подсолнуха, на выбор 8мм ",шт,690
Подшипниковый узел,шт,518
Подшипник упорный,шт,42
Шарнирная головка,шт,568
"кроссовки( размеры 46,45,44,44,42,45)",шт,3644
"кроссовки(размеры 42,41)",шт,1797
Композит зеркальный 3 mm,шт,16800
MDF 2800x2070x30 mm,шт,4500
уровень,шт,3252
уровень,шт,3595
сверло ступенчатое,шт,6961
"ats 20 "" на ""ats 20 грунт акриловый""",кг,580
шайба м 24 гровер,шт,11
шайба м24,уп,1551
гайка м 24,уп,652
гайки м 24 дин 934,уп,2428
Скрытая петля 3д цинк хром мат/сер,шт,2393
"выключатели автоматические(разные)- 5 шт, шина - 5 шт, щит -1 шт",шт,7364
Лампа + светильники лсп02-2х36-001 аст 3,шт,6121
лдс кроношпан серый манхеттен 0540 ре 2800х2070х16мм,шт,2526
лист 10х1500х3000 г/к,шт,27980
Пруток Ст3 10 mm откалиброванный,шт,900
Пруток Ст3 8 mm откалиброванный,шт,975
сверло присадочное,шт,2600
заправка баллонов аргон,шт,2600
Колесо поворотное,шт,654
Рал 0005000 пу 20 глосс,кг,915
Рал 2909005 пу 20 глосс,кг,947
Рал 0004500 пу 20 глосс,кг,947
Эмаль 9005 пу 20 глосс,кг,709
Марилка черная ctu 9,кг,2485
Джета про универсал,шт,665
Стакан мерный 1.900 мг,шт,84
Стакан мерный 1000мг,шт,41
Скотч коричневый 50 мм,шт,364
Скотч коричневый 20 мм,шт,153
Лак акриловый атл 90 5 глосс,кг,599
Отвердитель с40,кг,1053
Силиконовая смазка спрей 400 мл,шт,331
Монтажная пленка ролик,шт,9084
Скотч двусторонний прозрачный 3M с красной защитной лентой ширина 5мм,кг,200
Фрезы,шт,19953
клей для плитки Литокол 100 25кг,шт,4857
изолон,шт,158
Войлочный полировальный диск на липучке,шт,318
Труба СТ3 50х50х3:,п.м,322
Труба СТ3 40х40х3:,п.м,240
Труба СТ3 180х180х6:,п.м,2508
Труба СТ3 160х160х6:,п.м,4507
диск зачистной,шт,124
вспениный мат,шт,341
картон (рулон),шт,2500
Футорка резьбовая м4,уп,895
ленточная пила по металлу,шт,1361
Cosmofen SL-660.150,шт,799
пруток присадочный,шт,7252
Ral 0909010 ПУ 20ГЛ,кг,957
Ral 0909005 ПУ 20гл,кг,946
Ral 9005 ПУ 5ГЛ,кг,899
Куртка,шт,4107
каталог пленок тонировочных,шт,1425
спец эффект JW M100 рал 850м,кг,5915
Мдф 30мм,шт,5407
Лист 4*1500*3000,шт,12153
Лист 8*1500*3000,шт,21157
Лист 12*1500*3000,шт,18054
Композит 4000х1220х3,шт,12000
Круг шлифовальный Д125 Р120,уп,3036
Круг шлифовальный Д125 Р150,уп,3036
Круг шлифовальный Д125 Р220,уп,3036
Круг шлифовальный Д125 Р400,уп,3036
Круг шлифовальный Д150 Р120,уп,1898
Круг шлифовальный Д150 Р180,уп,1898
Круг шлифовальный Д150 Р220,уп,7590
Круг шлифовальный Д150 Р240,уп,4229
Круг шлифовальный Д150 Р320,уп,3470
Круг шлифовальный Д150 Р400,уп,1885
Круг шлифовальный Д150 Р800,уп,3036
Клей акфикс большой,уп,12480
Протирка космос 320,уп,2640
Клей титан галоп фикс,уп,19584
профиль алюминевый 20*20*2000,шт,502
бокорезы,шт,617
плоскогубцы,шт,335
тонкогубцы,шт,384
набор натфилей,шт,1060
перчатки,шт,7000
Замок врезной,шт,819
Влагостойкий МДФ,шт,2000
пруток присадочный,шт,400
круг шлифовальный Ø125 Р600,шт,3036
круг шлифовальный Ø125 Р800,шт,2000
Круг на ушм войлочный,шт,475
Круг на липучке войлочный,шт,155
Опорная тарелка для ушм,шт,454
съемник для стопорных колец,шт,305
съемник для стопорных колец,шт,308
набор съемников для стопорных колец,шт,6940
кроссовки (размер 45),шт,1797
лезвия для ножа,шт,340
лезвия для ножа,шт,2980
лезвия для ножа,шт,508
нож,шт,1021
Гайка Din 934 - М8,шт,145
Шайба DIN 125 А8.4,шт,48
Шайба пружинная DIN 128 А8,шт,66
Винт DIN 912 М8х1х20,шт,86
Винт DIN 912 М8х60,шт,757
Винт DIN 912 М5х20,шт,25
Шайба DIN 125 А5.3,шт,13
Шайба пружинная DIN 128 А5,шт,289
Гайка Din 934 - М5,шт,150
Шайба DIN 125 А10.5,шт,170
Шайба пружинная DIN 128 А10,шт,497
Винт DIN 912 М10х60,шт,846
Гайка DIN 934 М10,шт,1200
Композит 4000х1220х3,шт,8250
ролик,шт,54
"Расходники на монтаж: полотна для пилы, биты, ключи. лента, катушки",шт,14408
"Лампа Gauss Led Filament Globe E27 5W 2700K - 11шт, патронЕ27 керамич - 6шт",шт,2200
mipа chrom,шт,7047
Cетка ПВЛ просечно вытяжная стальная 700х700,шт,2736
"Неодимовый магнит КОБАЛЬТ диск 8х3 мм,",шт,35
Головка торцевая,шт,800
"Труба круглая 63,5х2",п.м,400
Грунт атс 20,кг,580
Грунт ппс 20,кг,413
Отвердитель с20,л,1348
Салфетки антистатик,шт,153
респиратор против пыли джета 8622 с клапаном,шт,108
Твердосплавный разметочнй карандаш,шт,848
Зашитные открытые очки,шт,225
Наконечник сварочный E-CU-AL LED9910-12 (10 шт; М6; 1.2 мм),шт,430
Канал направляющий (5 м; 1.2-1.6 мм; тефлон; желтый) Foxweld 4566,шт,953
Газ Аргон в наши балоны,л,1350
очки,шт,548
хдф 3 мм 2800х2070,шт,768
рым-гайка м 20,шт,243
дюбель,уп,519
дюбель,уп,3200
диск пильный,шт,2100
сверло,шт,109
сверло,шт,111
набор,шт,988
полотно,уп,1014
полотно,уп,1430
пила,шт,4000
"Кабель Type-C мама-папа 3,1",шт,915
"Люверсы нержавеющие 4мм, уп. 40 шт, цвет: Никель",шт,800
столярный верстак,шт,12560
Поликарбонат монолитный 3 мм опал 2.05-3.05 gross-pc,шт,10000
Поликарбонат монолитный 3 мм опал 2.05-3.05 gross-pc,шт,10000
футорка металлическая 8х15,шт,363
шарнир к1085.083018180,шт,4685
JW М100 спец.эффект акриловый рал 850,кг,567
шпилька м18х1000 8.8 кл.пр.,шт,367
надфиль,шт,329
кернер,шт,1550
пвх 4мм,шт,4600
Ламель прозрачная (ширина проема 1000мм высота 2500мм) ссылка на оразец.,шт,3900
Изолон,шт,165
вспениный мат,шт,341
"Наждачка диаметр 150 600, 240,220,120, 80, 60",шт,100
"Наждачка диаметр 125 600, 320, 220, 180, 150, 120,80, 60",шт,100
Шпатлевка Poliester Jetta pro 1.8кг,шт,500
"Наждачка Super fine 180,220",шт,19240
горелка аргоновая кедр,шт,8835
Стрейтч,шт,1914
Малярный скотч,шт,4536
Перчатки хб с двойным обливом,уп,200
Проволока сварочная для алюминиевых сплавов,шт,1955
шпатлевка Jeta Pro Uni,кг,504
Аргон,шт,1800
Лак на водной основе 20 глосс,кг,1272
кнопки канцелярские,шт,55
"Скотч малярный шириной 36мм, 24мм, 15мм по 5 шт хороший",шт,100
песок кварцевый до 0.8,кг,15
NCS S4020-Y20R ПУ 20гл,кг,918
Стакан мерный 1000мг,шт,45
Стакан мерный 1900мг,шт,87
Рал 9005 ПУ 20ГЛ,кг,709
Рал 9003 ПУ 20ГЛ,кг,748
Рал 3002 ПУ 20ГЛ,кг,1325
Рал 5023 ПУ 20ГЛ,кг,1013
Рал 0006500 ПУ 20ГЛ,кг,975
Рал 0002500 ПУ 20ГЛ,кг,921
Рал 7012 ПУ 20ГЛ,кг,966
Рал 0002000 ПУ 20ГЛ,кг,907
Полировальная губка оранжевая,кг,546
Грунт реофлекс прямо на металл,кг,280
Лак глянцевый реофлекс Clear rapid,кг,1754
Шпаклёвка джета про уни,кг,942
Перчатки дермогрип размер М,кг,550
Лак АТЛ 90 ДМ 5ГЛ,кг,599
Микрофибра,кг,137
Рал 0002000 ПУ 5ГЛ,кг,904
Рал 3003 ПУ 5ГЛ,кг,1409
Рал 9010 ПУ 5ГЛ,кг,958
NCS S1020-Y ПУ 5ГЛ,кг,1136
Рал 7047 ПУ 5ГЛ,кг,1107
кабель КГТП - ХЛ 3х1,п.м,75
Сальник PG25 с контргайкой,шт,26
Сальник PG19 с контргайкой,шт,27
Сальник PG11 с контргайкой,шт,11
Дсп 3лист,шт,600
"Дрель шуруповерт аккумуляторная CXS 12 2,5-Set Festool",шт,55460
Шлиф машинка МИрка Deros 650cv,шт,69233
Шлиф машинка Мирка Deos 383cv,шт,65000
Пылесос Мирка DE 1230 L PC + шланг,шт,84000
пластыри кагоцел,шт,30
Скотч двусторонний коробка,шт,2480
Пылевой фильтр 140х140 4 шт в упаковке,шт,880
Ленточная шлифмашинка,шт,5720
HPL с дырочками,шт,2540
ПУ 5 глосс NCS S 6502-R,шт,970
ПУ 5 глосс NCS S 5502-R,шт,1012
ПВХ 3мм,шт,4065
Водоэмульсионная краска 250мл RAL 9004,шт,713
Водоэмульсионная краска 250мл RAL 8022,шт,713
Ступенчатое сверло по металлу,шт,468
клей Loctite 496,шт,1800
клей Loctite 435,шт,1950
ножницы СС,шт,799
ножницы Брека,шт,303
ножницы А,шт,219
Лента шлифовальная,шт,200
Лента шлифовальная,шт,200
Лента шлифовальная,шт,200
Болт DIN 7990 - M20 x 40 прочность минимум 8,шт,229
Гайка DIN 934 - M20 прочность минимум 8.8,шт,44
Автомобильная тонировочная пленка SUNGEAR HP 20 CH PREMIUM METALLIZED,п.м,880
Автомобильная тонировочная пленка SUNGEAR HP 35 CH PREMIUM METALLIZED,п.м,880
Индикатор наклона груза GORADAR Balance,шт,345
Индикатор удара груза GORADAR Impulse,шт,450
"Комплект механизма раздвижной двери, перегородки. Модель D-80 CF-SOFT с доводчиком",шт,9260
Алюминиевый профиль U-21,п.м,1013
"Алюминиевый кронштейн под профиль U-21 (31х31,2)",шт,50
Нижний поводок B-04.,шт,80
"Петля CLIP top под фальшпанель, вкладная с доводчиком BLUMOTION, открывание 95°",шт,770
71B3750 Полный комплект вкладной петли с амортизатором,шт,628
"Штангодержатель для овальной штанги, хром",шт,36
"Труба овальная 15х30, хром, L-3000",шт,438
"K-PUSH TECH толкатель 14 мм врезной с магнитом, серый",шт,350
Сварочный газ,л,1320
Круг шлифовальный Ø125 Р120,уп,1530
Круг шлифовальный Ø125 Р150,уп,3059
Круг шлифовальный Ø125 Р180,уп,3059
Круг шлифовальный Ø125 Р320,уп,3059
Круг шлифовальный Ø125 Р400,уп,2826
Круг шлифовальный Ø125 Р600,уп,3386
Круг шлифовальный Ø150 Р80,уп,3823
Круг шлифовальный Ø150 Р150,уп,1594
Круг шлифовальный Ø150 Р180,уп,3188
Круг шлифовальный Ø150 Р400,уп,3188
Круг шлифовальный Ø150 Р600,уп,3823
Круг шлифовальный Ø150 Р800,уп,3188
"Двухуровневый встраиваемый посудосушитель с поддонами JET 501, 600 мм, нержавеющая сталь",шт,1730
Круг шлифовальный Ø150 Р60,шт,43
Круг шлифовальный Ø150 Р120,шт,38
Круг шлифовальный Ø150 Р220,шт,38
Круг шлифовальный Ø152 Р240,шт,42
Круг шлифовальный Ø125 Р60,шт,32
круг шлифовальный Ø125 Р80,шт,32
Круг шлифовальный Ø125 Р220,шт,34
Очистной комплект,шт,1857
"Кронштейн на опору к1п-0,3-0,35 - ф 32/48 1",шт,7128
Маска сварщика,шт,11905
рулетка,шт,442
ЛДСП Egger W1100 16мм ST9 2800*2070 мм Белый Альпийский,шт,4330
Кромка Egger W1100 PG Белый Альпийский ПВХ 19*1 мм,п.м,29
ХДФ Egger W1100 PG Белый Альпийский,шт,1191
"Фанера ФК 18 мм, размер 1525х1525 мм, сорт 1/2",шт,1764
"1033 Ножка пластиковая с базой, h=100 мм",шт,699
Клипса усиленная,шт,39
Площадка клипсы усиленной (06.152),шт,27
71B3550 Полный комплект накладной петли с амортизатором,шт,407
Колено вертикальное для плоских воздуховодов Equation 60х204 мм пластик,шт,190
Воздуховод плоский Equation 60х204 мм 1 м,шт,346
Переходник угловой для плоских-круглых воздуховодов Equation 60х204 мм D150 мм пластик,шт,348
Колено горизонтальное разноугловое для плоских воздуховодов Equation 60х204 мм пластик,шт,380
Колено горизонтальное для плоских воздуховодов Equation 60х204 мм 90 градусов пластик,шт,417
PARTNER Корзина-посудосушитель 600 мм,шт,12242
"круг отрезной 125*1,0",шт,32
Круг лепестковый торцевой,шт,97
РЕСПИРАТОРЫ «СПИРО-312,шт,296
маркер,шт,242
Проволока ER-70S-6,шт,1079
Угольник магнитный,шт,306
перчатки,шт,506
ОСБ 12 мм самый большой формат,шт,1142
Распределительная коробка,шт,90
Диск обрезной 125 мм по металлу,шт,18
Диск зачистной по металлу 125 мм,шт,69
удлинитель,шт,1738
фотореле ps-4 10a 2200 вт проксима,шт,660
изолента пвх 15 мм 20 метров черн.,шт,37
веник любаша,шт,197
Разбавитель S 50,кг,266
"Отвердитель с20 (12,5 кг 2 банки)",кг,563
Комбинезон для малярки L,шт,1875
Ацетон,кг,54
Мешки для мирка DE 1230 L,шт,630
Аргон,шт,2520
ЛДСП Egger U741 16мм ST9 2800*2070 мм Лава серая,шт,4205
"ХДФ Egger U741 ST9 2800х2070х3,2 мм Лава",шт,8800
Кромка Egger U741 ST9 Лава 19х1,п.м,29
"Петля для откидных элементов, бронза",шт,169
"Саморез с потайной головкой под крест, 3.5 Х 16, бронза",шт,26
"COMPACT лифт открывание вниз, L=244 (станд.) (42511010UZ)",шт,1241
COMPACT крепление к боковине под саморез (42911010YA),шт,123
"KRABY, COMPACT крепление к фасаду (с пазом для накладки) (42918010YC)",шт,83
"KRABY, COMPACT пластиковая накладка на крепление к фасаду (4291901000)",шт,12
Амортизатор D10 врезной стандартный,шт,50
PARTNER Корзина-посудосушитель 600 мм,шт,12367
"1033 Ножка пластиковая с базой, h=100 мм",шт,24
Клипса усиленная,шт,11
Площадка клипсы усиленной (06.152),шт,11
"K-PUSH TECH толкатель 14 мм врезной с рез. демпфером, антрацит",шт,286
71B3550 Полный комплект накладной петли с амортизатором,шт,250
71B3750 Полный комплект вкладной петли с амортизатором,шт,401
Полный комплект направляющих с замками BLUM TANDEM BLUMOTION L300,шт,2818
Колено вертикальное для плоских воздуховодов Equation 60х204 мм пластик,шт,190
Воздуховод плоский Equation 60х204 мм 1 м,шт,348
Переходник угловой для плоских-круглых воздуховодов Equation 60х204 мм D150 мм пластик,шт,348
AFF Профиль SOLA горизонтальный L-образный AI532L41 BL L3800мм матовый черный AI532L38BL,п.м,526
Клипса для крепления профиля SOLA отделка серый,шт,152
AFF Клипса-суппорт для крепления профиля AM116DS (комплект 2 шт.),шт,102
AFF Заглушка SOLA пластиковая для L-образного профиля AI532L41 левая отделка матовый черный 682AP1L BL,шт,141
краска черная балончик глянец,шт,277
шпатлевка Jeta Pro Uni 1 КГ,шт,843
шпатлёвка до 200 градусов troton spec high temp,кг,1524
Подошва под винты ф125 Rupes 980.037 (15отв) для MILLE,шт,4049
Щетка для пола,шт,497
черенок,шт,190
Щетка угольная для УШМ,шт,384
Щетка для 3д принтера,шт,3300
"Иглы медицинские 1,20х40мм 18Gх11/2 по 100 штук",шт,60
Шприцы 10мм,шт,15
Шприцы 5мм,шт,20
Ветош вафельная белая,п.м,396
"Пленка Оракал белая матовая шириной 1м или 1,20м",п.м,373
"Пленка Оракал черная матовая шириной 1м или 1,20м",п.м,521
Стрейтч плёнка,шт,1667
Шприцы Инсулиновые 1 мг,шт,10
"Рулетка GROSS Experte, 5 м x 27 мм, двухкомпонентный корпус, магнит, двухсторонняя разметка, нейлон 32575",шт,981
Угольник с уровнем 300 мм Inforce 06-11-67,шт,1298
Фанера ФК 6 мм 1525х1525мм 2/2ш2,шт,540
Фанера ФК 10 мм 1525х1525мм 2/2ш2,шт,1004
Карточная петля Tech-Krep 140х34 цинк 1 шт,шт,74
"Ручка-скоба для ящика VORMANN 110х70х2 мм, оцинкованная",шт,72
Накидной замок Tech-Krep L 130 148404,шт,80
Ral 000 2000 пу 20 глосс,кг,97
Рал 3004 пу 20 глосс,кг,1822
RAL 130 40 20 пу 20 глосс,кг,980
Рал 230 5015 пу 20 глосс,кг,1110
Рал 00025 00 пу 20 глосс,кг,981
Рал 09080 50 пу 20 глосс,кг,1013
Рал 240 70 05 пу 20 глосс,кг,1070
Лак ATL 20 20 глосс,кг,680
Грунт PPS 20,кг,26
С Лига лак глянцевый JB R970 + Отвердитель в железном банке,кг,2598
JW M 100 спец эффект серебро 05 + компоненты,кг,6515
Рал 7047 ПУ 5ГЛ,кг,1297
Рал 0002000 ПУ 5ГЛ,кг,962
NCS S-1020-Y ПУ 5ГЛ,кг,1333
Рал 3003 ПУ 5ГЛ,кг,1650
"круг отрезной 125*1,0",шт,32
Матовая краска NCS S 6502-R50B,кг,300
Колесо промышленное поворотное с площадкой и тормозом SCb 93,шт,282
горелка,шт,17300
"цанга ф 2,4 мм",шт,270
"цанга ф 3,2 мм",шт,270
Винт DIN 7991 - M4 x 12,шт,33
Болт DIN EN 24014 - M10 x 90,шт,126
Шайба DIN 125 - A 10.5,шт,25
Заклепка винтовая рифленая головка плоская LF М4 35,шт,17
композит черный 4 мм 1500х4000,шт,10090
Грунт PPS 20,кг,489
Рал 1304020 ПУ 20ГЛ,кг,980
Рал 7047 ПУ 5ГЛ,кг,1297
Рал 7031 ПУ 20ГЛ,кг,1188
Рал 6004 ПУ 20ГЛ,кг,1255
Морилка белая на основе растворителя,кг,2383
Круг шлифовальный Смирдекс (аналоги не рассматривать) Ø150 Р120,уп,3879
Круг шлифовальный Смирдекс (аналоги не рассматривать) Ø150 Р180,уп,3546
Круг шлифовальный Смирдекс (аналоги не рассматривать) Ø150 Р400,уп,3546
Наждачка для рубанка 420х70 Р120,шт,120
Наждачка для рубанка 420х70 Р180,шт,66
Наждачка для рубанка 420х70 Р320,шт,66
обувь 41 р,шт,1797
болгарка,шт,13426
скотч брайт,шт,500
бор фреза,шт,8340
сварочная маска,шт,13250
наконечник сварочный,шт,1067
МИКРОВЕЛЮР АУРА 1,п.м,1249
Мех. трансформации Механизм подъема кровати Летто VF (Ам),шт,822
Газ-лифт (STABILUS) 1000Н,шт,392
Газ-лифт (STABILUS) 800Н,шт,392
Ортопедическое основание КР Летто Медио 1800х2000 (Ам),шт,4288
Ортопедическое основание КР Летто Медио 1400х2000 (Ам),шт,3709
Шток эксцентрика двусторонний со съемным фиксатором (34 мм),шт,31
ЛДСП Egger H1330 16мм ST10 2800*2070 мм Дуб Санта-Фе винтаж,шт,2150
ЛДСП Egger H1330 10мм ST10 2800*2070 мм Дуб Санта-Фе винтаж,шт,3675
ЛДСП Egger H1401 16мм ST22 2800*2070 мм Сосна Касцина,шт,3541
Кромка Egger H1330 ST10 ( 1х19 ),п.м,29
Кромка Egger H1401 ST22 ( 2х19 ),п.м,29
"Заглушка самоклеящаяся d.20мм, по 28 штук на листе Egger H1330",шт,300
"Заглушка самоклеящаяся d.20мм, по 28 штук на листе Egger H1401",шт,600
"Профиль SM1, накладной, серебро, 16х7,5мм, L-2000",шт,245
"Рассеиватель матовый для профиля SM-x/FM-x/CM1/GL3.152, L-2000",шт,95
Круг шлифовальный Ø125 Р120,уп,1520
Круг шлифовальный Ø125 Р150,уп,2482
Круг шлифовальный Ø125 Р180,уп,3103
Круг шлифовальный Ø125 Р320,уп,3103
Круг шлифовальный Ø125 Р400,уп,3103
Круг шлифовальный Ø150 Р80,уп,3879
Круг шлифовальный Ø150 Р120,уп,3879
Круг шлифовальный Ø150 Р220,уп,3879
Круг шлифовальный Ø150 Р320,уп,3879
Круг шлифовальный Ø150 Р400,уп,3546
Комплектующие для пылесоса,шт,2300
Изолон,шт,159
Вспененный мат,уп,3408
Пена монтажная,шт,571
Пистолет для монтажной пены,шт,313
Очиститель монтажной пены,шт,172
"Труба 30х15х1,5 mm 6000",шт,90
Труба 60х25х2 6000,шт,190
Труба 40х20х2 mm 6000,шт,129
перчатки dermagrip,шт,284
"Фанера ФК 21 мм, 2440х1220 сорт 1.2",шт,4320
"СВЕТОДИОДНАЯ ЛЕНТА RT-A120-8MM 12V DAY4000 (9.6 W/M, IP20, 2835, 5M) (ARLIGHT, ОТКРЫТЫЙ) 120 LED НА 1М",шт,1150
"БЛОК ПИТАНИЯ ARPV-LV12075 (12V, 6.3A, 75W)",шт,5670
аргон,шт,1800
"Затирка эпоксидная с 130, с 232 ",шт,1246
винт дин 84 с прямым шлицем м8х60 + гайки м8,шт,26
"Тикурила tvt x447- 2кг,tvt m495 - 2кг, tvt v353 ",кг,1160
Грунт акриловый ATS 20,кг,617
Диммер ARLIGHT для светодиодки 24V,шт,1133
Сито воронка джета про,уп,2300
Скотч малярный коричневый 50мм,уп,200
Рал 0002000 ПУ 20ГЛ,кг,1430
Растворитель Р12,кг,200
Разбавитель S70,кг,220
Подошва дли Мирки оригинал,шт,3203
Круг шлифовальный марка saunmight Ø150 Р800,уп,2000
Круг шлифовальный марка saunmight Ø150 Р1000,уп,2300
Круг шлифовальный марка saunmight Ø150 Р1200,уп,2600
Круг шлифовальный марка saunmight Ø150 Р1500,уп,2680
Круг шлифовальный марка saunmight Ø150 Р2000,уп,2800
Тризак 3000,шт,692
Стакан мерный 1000г,шт,80
Стакан мерный 2000г,шт,120
Наждачка сетка для рубанка Мирка Р80,шт,63
Наждачка сетка для рубанка Мирка Р120,шт,65
Наждачка сетка для рубанка Мирка Р180,шт,67
Наждачка сетка для рубанка Мирка Р320,шт,73
Наждачка сетка для рубанка Мирка Р400 13 шт,шт,76
Грунт спрей в баллоне,шт,844
NCS S6502-R50B ПУ 20ГЛ,кг,1200
кладочная смесь глино-шамотная для печей Терракот 20 кг,шт,439
акфикс 705 набор для склеивания,шт,110
очиститель космос 320,шт,2080
Акрил Полигаль 2050х3050х3,шт,9575
Маркеры перманентные,шт,837
"Шумоизоляция Шумофф Акустик (графит) 0,7м /10м",п.м,2000
грунт акриловый ats 20 + компоненты,кг,617
лак Atl 90 5 глосс + компоненты,кг,696
Журнал охраны труда 10 листов с отверстиями под прошивку,шт,2000
Журнал выполненных работ 20 листов с отверстиями под прошивку,шт,1200
ленточная пила,шт,978
МПК колибри 4мм 2050*3050 белый 30%,шт,12968
Охлаждающая жидкость,шт,560
Силовой кабель,п.м,120
Fonestar cube-62t Пара компактных громкоговорителей с 100в трансформатором с 12вт. 89 дб на 1 вт/1 м нч:,шт,11100
"Отвердитель для ПУ ЛКМ (12,5)",кг,563
Лист 3х1250х2500 х/к ТУ,шт,6150
Прозрачная термоусадка от 12 мм и больше,шт,584
Полировальная паста P3 01,шт,2334
Полировальная паста H8 02,шт,1343
Губки к пасте,шт,306
Радиальный шарикоподшипник НСН 6004-2RS Код товара: 17469576,шт,210
Лампочка 6 вт 3000к,шт,816
Грунт полиэфирный EPS20+Отвердитель усилитель,кг,635
Круг шлифовальный Ø150 Р400,уп,1276
Мешок для пылесоса мирка DE1230,уп,3150
Отвердитель С20,кг,551
Докупить бочёк для валком слим s,шт,3326
Эмаль рал 9001 ПУ 20ГЛ,кг,708
Эмаль рал 9011 ПУ 20ГЛ,кг,967
Эмаль рал 1036 ПУ 20ГЛ,кг,1442
Эмаль рал 7042 ПУ 20ГЛ,кг,994
Платформа для шлифмашинки мирка дерос 650,шт,5172
Шлифовальная губка Р180,шт,61
Шлифовальная губка Р220,шт,61
Бита,уп,1040
Держатель бит,шт,569
Бита,уп,598
Набор бит,шт,1000
Огнестойкий состав для ППУ Touch ‘n Seal Ignition Barrier,шт,18750
"Ключ-насадка магнитная LONG (2 шт; 10х100 мм) Novocraft NC47-10010-02",шт,325
Многоразовый мешок для пылесоса ( до 36 л) Gigant KR-BH 30 M (Россия),шт,334
Лист 8мм г/к 1500*6000,шт,40533
"Шпатлевка JetaPro Uni 0,5кг",шт,679
Штифт-выталкиватель (6.34x103 мм) AT-S 6.34х103,шт,420
Пенопласт ПСБ-С-15У / 1000Х1000Х30ММ плотность 8кг/м3,шт,90
Стекло 6мм Кристалвижен 531х316 пк 3к,шт,880
Стекло 6мм Кристалвижен 525х316 пк 3к,шт,872
Стекло 6мм Кристалвижен 382х350 пк 3к,шт,740
Стекло 6мм Кристалвижен 316х87 пк 3к,шт,478
Профиль стоечный Knauf ПС-2 50х50 мм 3000 мм,п.м,95
Профиль направляющий Knauf ПН-4 75х40 мм 3000 мм,п.м,111
"ГК Листы 2500х1200х9,5",шт,315
Саморезы для гипсокартона GRABBER фосфатированные PH2 3.5х25 мм 500 штук,шт,1301
"Бита крестовая ударная магнитная Rage by Vira 554125 PH2x50 мм, 2 шт.",шт,106
дсп 16мм 2800х2070,шт,1145
Клемма Ваго двойная,уп,575
Клемма Ваго тройная,уп,882
Флюс-гель для пайки,уп,584
Жидкое мыло,шт,435
штукатурка Мармо Hyobo 25кг,шт,14365
Автомат 3р 25 А,шт,1734
Автомат 1р 10А,шт,486
Автомат 1р 16 А,шт,520
Розетка внешняя защищенная,шт,445
Розетка дин,шт,1370
Бокс металлический,шт,1907
Сборка шин,шт,566
Сальник,шт,16
Сальник,шт,30
Дин рейка,шт,31
Таймер,шт,1819
Перчатки трикотажные с латексным обливом,шт,35
Pur клей 1литр,шт,1285
Труба профильная 40х20х3,шт,1245
Ветошь,кг,190
Ацетон 10л,шт,992
Прокладка окон 15х10х6х2,кг,384
Хенесси,шт,6336
Колесо поворотное на телегу,шт,850
сверло по металлу 13*200,шт,2073
корончатое сверло по металлу д13,шт,1383
Лак ATL 90,кг,654
Пылесос мирка DE1230PC,шт,78120
"Краскопульт Iwata LPH-80 E4+бочок Сопло 0.8, бачок 150мл, регулятор давления",шт,24450
Перчатки Дермогрип размер М,шт,250
Лента широкая яркая,п.м,1280
Эмаль Ral8003 20ГЛ,кг,907
Эмаль Ral 1019 5ГЛ,кг,981
Подшипник APP-GROUP 180018 С17 (608 2RS) 4680150971175,шт,75
ушм АКК-300,шт,7775
корончатое сверло по металлу д13,шт,574
очки,шт,498
уголок поверочный,шт,2170
уголок поверочный,шт,1467
штангельциркуль,шт,4361
редуктор,шт,2241
поскогубцы,шт,368
колеса R18,шт,950
"гранит керамический 60х119,5х1,1 Про стоун",м.кв,2122
мдф 10 ммх2800х2070,шт,809
Нож олфа,шт,979
Лезвия для ножа,уп,595
Рулетка,шт,1192
"Кабель МГТФ 0,03",п.м,33
"Припой 0,3 мм",шт,150
"Кабель ШВВП 2х0,5",п.м,14
кресло серое,шт,9800
уголок алюминиевый 10*15,шт,370
Розетки RJ 45,шт,203
Щётки для болгарки,шт,90
заглушка канализационная 50,шт,13
монтажная пленка ORAFOL,шт,9524
каталог бумажной продукции,шт,880
Пленка ORACAL 8510 90 - серебристая мелкозернистая,п.м,1367
СРЕДСТВО-АНТИСТАТИК ДЛЯ ОЧИСТКИ И УХОДА ЗА ПЛАСТИКОМ (Antistatischer Kunststoff Reiniger + Pfleger (AKU),шт,1137
оголовок,шт,558
вилка,шт,737
Клей акфикс 125гр+активатор,шт,12384
"Полоса 10х1х2000 мм, алюминий",шт,90
Диммер для светодиодной ленты 4х4А,шт,3600
Светодиодная лента RGB 24v 11w/m 120 led,п.м,899
"Ленточная пила Shark V42 20*0,9*8/12 Т *2105мм",шт,1361
Мат НПЭ 20мм 1*2м 10 шт/уп,шт,3388
Шины для Газели - Sailun commercio 4 seasons 195/75 r16c 110/108r,шт,6890
набор для горелки,шт,21833
бор фреза,шт,1115
бор фреза,шт,1115
бор фреза,шт,548
бор фреза,шт,1115
Шпаклевка джета про уни 0.5кг,шт,687
Канальный вентилятор Soler Palau TD-500/150-160 Silent 3V,шт,18353
Зеркальная тонировочная пленка XPRO R 05 Silver 2 mil X R 05 SI,п.м,330
Фотополимерная УФ-смола Washable White,шт,1371
Фотополимерная УФ-смола Washable Black,шт,1371
Профиль потолочный Knauf ПП 60х27 мм 4000 мм,шт,400
Профиль стоечный Knauf ПС-4 75х50 мм 4000 мм,шт,500
мдф 6мм,шт,749
мдф 8мм,шт,960
мдф 10мм,шт,1328
Круг шлифовальный Ø125 Р180,уп,2362
Круг шлифовальный Ø150 Р180,уп,2664
Круг шлифовальный Ø150 Р320,уп,6600
Круг шлифовальный Ø150 Р400,уп,7200
RELAX пластик REC 1.75мм синий 2кг,шт,3990
RELAX пластик REC 1.75мм серебристый 2кг,шт,3990
подшипник MR 85 ZZ 5х8х2.5,шт,273
"ВИНТ С ЦИЛИНДРИЧЕСКОЙ ГОЛОВКОЙ И ВНУТРЕННИМ ШЕСТИГРАННИКОМ DIN 912",шт,28
ГАЙКА ШЕСТИГРАННАЯ UNI 5587 М4 А2 (AISI 304),шт,11
Колонки 2.0 Edifier G1500SE,шт,2199
Веб-камера Logitech C310,шт,2299
Аккумуляторная отвертка HOTO QWLSD001,шт,2199
Коннекторы RJ 45 5cat,шт,19
космофен протирка 20,уп,870
Маркировка для кабеля,уп,6120
Маркировка для кабеля хомут,уп,2712
"Скотч 3м клеевой листовой 609мм*0,9м*0,13мм",шт,1341
"Плита ППу без покрытия 20мм плотность 72 (1*1,4м)",шт,518
Лекарства аптечка в цех + на росатом,шт,3640
Гайка дин 934 м16,кг,54
Вода в цех,шт,220
"Краска Парад Релакс и колеровка, ралы 1005, 9016",шт,2221
Трубостойка телескоп 5м,шт,4900
сварочный аппарат Cebora WIN TIG AC-DC 230m арт559,шт,48536
блок охлаждения,шт,9366
чистящая жидкость,л,969
Камера IP Xiaomi XiaoVV Solar Powered Outdoor PTZ 4G Camera P6 (XVV-1120S-P6-4G) White,шт,8480
Профиль врезной В137 белый матовый 18*6мм,п.м,329
Фильтра для гейзера,шт,6740
камера уличная Xiaomi Xiaovv Outdoor PTZ Camera (XVV-1120S-P6-WiFi),шт,5555
"Свая винтовая СВС 89/250*2500мм, оголовок 250*250мм, вороток 89мм",шт,2810
Дверной ограничитель,шт,2800
Зажим для тросса (в упаковке 4 шт),шт,45
Стальной тросс,шт,198
Петля приварная,шт,130
Профнастил крашенный 2000х1150 рал 3005,шт,841
Кровельники крашенные 3005 по металлу 19 мм,уп,171
профиль 40х20х2,п.м,149
IPHONE 14 256 GB,шт,89499
Samsung s23 256 g,шт,74999
огнебиозащита сухой концентрат Просепт,шт,4296
пенополистирол 1000х600х50мм,шт,90
пена монтажная,шт,428
скобы для степлера,шт,166
степлер,шт,553
плёнка защитная,шт,263
ОСБ-3 Муром 8мм 2500х1250мм,шт,496
Клей Титан галлоп бел,шт,714
обои белые,шт,1075
Клей Титан галлоп бел,шт,714
капельный полиф,шт,97
набор 8-ми сегментных лезвий 18мм,шт,89
"гвоздь реечный 3,05/90 мм кольцевая накатка ",шт,3417
баллон на 1000 гвоздей 165а,шт,332
гвоздезабив по дереву,шт,32039
нож сегментированный 18мм,шт,215
Мешок фильтровальный (верхний) ПП4В (для ПП4000),шт,2200
Мешок-пылесборник (нижний) ПП4ЭН (для ПП4000),шт,2300
Профиль врезной В304 белый матовый 13.6х7мм,п.м,288
Архитектурная пленка Ultra Vision R15 BL SR PS Blue,п.м,613
Клей момент большой тюбик,шт,171
Пленка Оракал 073 dark grey,п.м,457
Губка шлифовальная №1,шт,114
Губка шлифовальная №2,шт,87
Супер файн Flexifoam,шт,41
"Оракал 641, цвет 071",п.м,458
набор натфилей,шт,677
газлифт для теста,шт,4000
"Комплект петли CLIP top BLUMOTION 110 , ВКЛАДНАЯ",шт,445
"tip-on врезной, длинный, белый",шт,604
Стяжка коническая D10 для плит толщиной от 16 мм,шт,12
"Шток стяжки конической D10, 45 мм",шт,10
"Винт стяжки конической BO04, BO05 под шестигранник",шт,42
"Футорка пластиковая D8, М6 Х 11",шт,276
"Заглушка самоклеящаяся, D13 мм, белый базовый",уп,44
Органайзер втулка для кабеля белая,уп,1200
Уголки,шт,11
GOLIGHT Универсальная профиль-ручка под столешницу L-4100мм,шт,2000
ручка-кнопка,шт,587
винт для ручки,шт,34
"Подпятник самоклеящийся круглый D15 мм, черный, 30 шт.",уп,36
ЛМДФ белый 16мм,шт,2733
ЛДСП EGGER Альпийский Белый 16мм,шт,2950
"Алмазная компрессионная фреза Utensil Centro: диам. 8 мм, реж. часть 25 мм",шт,5249
Фрезы,шт,14607
рулетка,шт,905
заправка баллонов (сварочная смесь),шт,1500
заправка баллона (аргон),шт,3000
запрака баллона (аргон + аттестация),шт,996
Грунт белый pps20,кг,413
Отвердитель С27,л,1352
Воронка-сито,уп,711
Морилка чёрная,кг,1417
Лак акриловый Атл 50 20гл,кг,710
Комбинезон размер L,шт,1628
Скотч контурный ширина 5мм,шт,553
Полумаска/респиратор 3М 6502QL,шт,6434
фильтр для пылесоса,шт,751
Пульт управления,шт,1731
КОРЕКТОР фасада,шт,37728
сварочная проволка,шт,1416
борфреза,шт,406
ЛДСП Kronospan Базальтовый 0166 BS 2800x2070x16 мм,шт,2648
"ХДФ антрацит 2800х2070х3,2",шт,877
Кромка Базальтовый 0166 BS 19х1,п.м,24
Кромка Egger F206 19х1,п.м,29
Кромка Egger F204 19х1,п.м,30
Кромка Белый базовый 19х1,п.м,22
"Кромка Egger F204 43х1,5",п.м,600
ЛДСП Egger 16мм ST9 2800*2070 мм Белый базовый,шт,2424
"ХДФ Egger белый базовый 3,2мм ST9 2800*2070 мм",шт,950
Куртка Engel Galaxy размер (48-50),шт,9250
вода черноголовка 19 л 15шт + 5 бутылок тара,шт,458
Образцы Kronospan - KD 2023-2027 Metal 1 своч,шт,450
METGRUNT AKROMAT 25 кг,кг,187
Сетевое зарядное устройство Anker A2664G11 черный,шт,3100
AFF Профиль SOLA горизонтальный L-образный AI532L41 BL L3800мм матовый черный AI532L38BL,шт,518
"Рассеиватель матовый для профиля SM-x/FM-x/CM1/GL3.152, L-2000",шт,95
AFF Клипса для крепления профиля SOLA отделка серый 682AP8,шт,81
"костюм молескиновый(52\54, 182-188)",шт,6198
"костюм брезентовый(52-54,182-188 2шт, 48-50,170-176 1 шт)",шт,6798
"костюм профессионал(48-50,182-188)",шт,4740
LIBRA H2 Скрытый мебельный навес универсальный с креплением на штоки и фиксатор,шт,188
"Рейка для мебельных навесов 2 м, Ш=37 мм",шт,179
"Полкодержатель для деревянных полок, оцинкованный",шт,1604
"Фиксатор полки, белый",шт,268
"Петля CLIP top под фальшпанель, вкладная с доводчиком BLUMOTION, открывание 95°",шт,691
"планка крестообразная под саморез, подъём 3 мм",шт,28
Ограничитель угла открывания до 86° для петель CLIP top 110°,шт,56
86° Ограничитель угла открывания для петли 107°,шт,550
"Лоток кухонный универсальный, для ящика с фасадом 600 мм, серый",шт,417
Эмаль ПУ 5 глосс RAL 7021,шт,1111
"Двухуровневый встраиваемый посудосушитель с поддонами JET 501, 700 мм, нержавеющая сталь",шт,1770
"1033 Ножка пластиковая с базой, h=150 мм",шт,15
"1033 Ножка пластиковая с базой, h=120 мм",шт,15
штаны рабочие (размер 48),шт,7197
"Фигурки женщин,пешеходов,рабочих,бомжей,судьи",шт,1758
Люнета,шт,7700
Мышка,шт,699
коронка,шт,632
wd 40 большую,шт,282
смазка avalon,шт,433
Кромка W908 st2 19-08 - Бабина 75 метров,шт,1294
ЛМДФ/ЛДСП/КРОМКА,шт,38963
кромка дуб,п.м,64
меб.ткань тедди 05,п.м,679
ящик 555х390х290мм на 49л,шт,898
ящик 555х390х290мм на 49л,шт,898
Гофра серая 10 мм,п.м,84
Клипсы для гофры 10 мм,шт,24
Направляющие МДМ 350 vector ls,шт,669
Труба овальная 3м,шт,326
"Выключатель автоматический модульный 3п 32а 4,5 кА",шт,1015
акрил прозрачный 1 мм,шт,1331
Шпилька DIN 975 М16х1000,шт,577
"Сувенир ""Вышка связи 3""",шт,3000
"кромка белая 0,8х28е st 9 w1000",п.м,46
Микроволновая печь,шт,4232
TOUA Гвоздемёт по дереву gfn3490ch-c,шт,33070
щетка чашечная гофрированная,шт,527
Образцы Kronospan - все 10 штук,шт,1000
мышь беспроводная,шт,699
TOUA балон на 1000 гвоздей,шт,406
TOUA Гвозди по бетону (1000 шт),шт,1359
набор деревьев для макета,шт,621
кофе в капсулах,уп,260
"3 картриджа, шоколад, нож",шт,445
файлы,шт,203
Очистительный комплект FA,шт,6750
Комплект фрез для чпу,шт,11079
корончатое сверло,шт,2700
корончатое сверло,шт,1398
корончатое сверло,шт,1650
диски отрезные для болгарки 125*1,шт,41
полотна на лентопил по нержавейке,шт,1100
GOLIGHT Универсальное крепление для профилей под светодиодную ленту,шт,108
Кабель USB M\M,шт,199
Кабель HDMI M\F,шт,399
Клей Tytan Classic Fix,шт,530
Полиуретановый герметик для автомобильных стёкол,шт,1200
Ушм,шт,8391
круги зачистные,шт,72
круги зачистные,шт,137
"Модели людей, деревья,кусты",шт,169
трава кочки,шт,440
багажник thule fixpoint,шт,27828
Набор фрез и цанг,шт,32000
пилка для реноватора,шт,359
Набор для гравёра,шт,25
Набор для гравёра,шт,348
Паяльная ванна,шт,3451
Грунт pps20,кг,413
Отвердитель с20,кг,6611
Разбавитель s50,кг,225
Разбавитель s70,кг,333
Шпаклёвка джета про уни 0.5кг,шт,391
Круг шлифовальный смирдекс Ø150 Р150,уп,3099
Круг шлифовальный смирдекс Ø150 Р180,уп,3000
Круг шлифовальный смирдекс Ø150 Р220,уп,3099
Круг шлифовальный смирдекс Ø150 Р180,уп,2834
Круг шлифовальный смирдекс Ø125 Р180,шт,25
Ренер Jw 100 спец эффект серебро 05,кг,6449
Стакан мерный 1кг,шт,36
Стакан мерный 2кг,шт,70
Боёк для шпилечника Р630,шт,914
Боёк для шпилечника Р635,шт,938
Боёк для гвоздезабивного пистолета,шт,938
WD 40 (или аналог) большие баллоны,шт,418
7043 на водной основе,кг,853
7032 на водной основе,кг,895
Установочный инструмент для резьбовых заклепок,шт,5500
Эмаль Jw 100 спецэффект серебро 05,кг,6457
Лак акриловый TZ 7025/00-25 25ГЛ+отверд. 0790/00,кг,1763
Лак акриловый ATL50 20GL,кг,710
Сопло + дюза (комплект) на валком слим размер 1.7,шт,6563
Бочок для валком слим,шт,1664
Бочок для валком комбат,шт,3172
Шпаклёвка Jeta pro uni,кг,951
Круг шлифовальный Ø150 Р180,уп,1189
Круг шлифовальный Ø125 Р400,уп,8626
Пылесос,шт,10590
Доводчик на межкомнатную дверь,шт,1451
мпк 2мм прозрачный,шт,5237
Пвх 10мм стронг,шт,11230
"Кабель КГт Партнер-Электро 1х16, 20 метров P105G-01101-C020",шт,5859
Горелка сварочная для MIG/MAG-сварки,шт,5664
Клемма заземления КЗ-30 Латунь KRASS 2943006,шт,925
сварочный наконечник (упаковка 10 шт),шт,287
сварочная проволка,шт,1462
диски зачистные,шт,116
диски зачистные,шт,102
перчатки xxl,шт,488
заправка баллонов (сварочная смесь),шт,1200
диск зачистной,шт,126
бокорезы,шт,432
коронка 13 мм,шт,1373
коронка 15 мм,шт,1474
коронка 17 мм,шт,1603
сопла на горелку,шт,1178
СОЖ,шт,3553
Модуль светодиодный управляемый,шт,43
Кабель 2х1.5,п.м,71
ППЛ гофра 16 мм,п.м,53
Держатель,шт,14
Стержень акриловый круглый косичка D 50 мм H 2000,п.м,1300
Стержень акриловый круглый прозрачный D 10,п.м,445
Скоба для кабеля 16 мм (можно в другом месте),шт,26
Розетка rj 45,шт,552
Фольгированный алюминий еще,шт,4400
Резьбовые клепки М3,шт,11
Заклепочник для резьбовых заклепок М3,шт,2117
"Кабель КГТПХЛ 3х2,5",п.м,95
Кнопка антивандальная без фиксации (Или аналог),шт,420
Переключатель 2 поз,шт,400
Usb Розетка на блок с проводом (или аналог),шт,509
"Кабель ШВВП 2Х0,75",п.м,18
Усилитель,шт,8200
Декодер DMX токовый,шт,12300
Контроллер SPI,шт,23000
Блок питания 12в 300 вт,шт,2250
Корпус РЕА,шт,6700
Вилка на панель,шт,240
Розетка на панель,шт,240
Розетка кабельная,шт,252
Вилка кабельная,шт,252
Маршрутизатор,шт,16349
Кабель витая пара 6е,п.м,61
Коннекторы RJ 45 6 cat,шт,41
Диммер,шт,1000
Трубка алюминиевая 5 мм,п.м,127
Пластик на 3д печать,шт,3740
ЖК-УФ-отверждаемая смола Washable Gray 1 kg,шт,2132
Смола фотополимерная,шт,2132
"Труба стальная ВГП 20х2,8 мм",п.м,487
Винт ЦКИ DIN965 М5х25 нерж. A2 100 шт,шт,1153
швеллер 40х80 (Доставка к Владимиру Юрпалову на производство),п.м,521
Труба 60х60х4 - 6м,шт,2988
Труба40х40х3 -6м,шт,1530
Труба40х20х2- 6м,шт,924
Анкерная точка крепления HL 105 | Protekt,шт,355
Набор фрез (для чпу+новый цех). Для теста,шт,17021
Эмаль по цвету Тиккурила S357 пу,кг,935
3д печать,шт,89700
Краска спрей Пантон 185С онлак 400мл,шт,650
трубы 100*50*4,п.м,610
ППу 20мм плотность 72 1000*1400,шт,1243
Стержень акриловый 50мм*2000 прозрачн,шт,15500
Полоса алюминиевая 2000х20х2,шт,195
"Труба холоднодеформированная Ст 20, 2х22 мм",п.м,1639
"Вспененный ПВХ-пластик UNEXT-Strong, толщина 5 мм, белый, 1560 х 3050 мм",шт,2561
"Вспененный ПВХ-пластик UNEXT-Strong, толщина 3 мм, белый, 1560 х 3050 мм",шт,4083
Колесо большегрузное,шт,1080
Эксцентрик,уп,2815
Саморез,уп,518
Саморез,уп,324
Саморез,уп,447
клей титан gallop fix,шт,14000
Пластификатор,шт,25000
Жидкое стекло,шт,2300
"Зелёный чай, молоко-2 шт,чай -5 шт, кофе-1, карандаш-1, губки для доски-2шт ",шт,4147
миксер,шт,160
миксер,шт,723
гипс,шт,1016
подложка,шт,148
стрейч,уп,3119
труба профильная 60х30х3,п.м,259
"труба профильная 25х25х1,2",п.м,80
лист нержавеющ. сталь 160х130х2,м.кв,2038
перчатки трикотажные с 2-м латексным обливом,шт,35
Фреза К3МDQX1225L,шт,5292
"Фреза обгонная 6,35х20х64",шт,1017
стекло армированное (нарезка польское) 6х500х500мм,шт,1100
отвод стальной,шт,26
колесная опора д50,шт,104
JETA PRO бумага маскировочная,шт,1395
комплект типон 37мм врезной,шт,441
патрон электрический пластик е27,шт,49
патрон керамический е27,шт,17
чашка алмазная 125 сегмент,шт,859
алина распиратор с клапаном,шт,98
насадка для химанкера,шт,72
лезвия 18 мм(10шт) многосегментные,шт,49
НОВОХИМ клей ПВА супер 10 кг,шт,2773
Держатель универсальный на кран,шт,129
капель переходник,шт,562
водонагреватель накопительный,шт,4716
доска 50х200х6м,шт,810
вода 19л,шт,220
плита ППУ 50 пл 100,шт,113064
панель светодиодная 35 вт нейтральный белый,шт,680
заглушки для плинтуса,шт,66
соединитель для плинтуса,шт,66
угол внутренний для плинтуса,шт,74
угол внешний для плинтуса,шт,78
плинтус напольный дуб горный,шт,170
линолеум цемент,м.кв,520
"краска parade relax база с 0,25л",шт,153
"краска parade diy 2 relax база с 0,9л",шт,423
11 колеровка,шт,20
11 колеровка,шт,20
щит дуб 900х600х 20 натур,шт,2824
нож 18 мм olfa,шт,960
"Ткань KS 030N Lima FR (50М.1,55м,13,56кг)",п.м,728
"Кромка 19х1мм Egger H1113 ST10 Дуб канзас коричневый 75,0х19.0х0,8",п.м,21
скрытая дверь под покраску 1498х1428х40мм,шт,26040
скрытая дверь под покраску 1332х1428х40мм,шт,25420
заглушка для чашки петли,шт,18
стекло 6мм crystalvision 158х310,шт,523
стекло 6мм crystalvision 576х310,шт,925
стекло 6мм crystalvision 570х310,шт,917
стекло 6мм crystalvision 274х340,шт,577
стекло 6мм crystalvision 527х316,шт,875
стекло 6мм crystalvision 384х350,шт,743
стекло 6мм crystalvision 316х89,шт,481
грунт пэ белый sp20,кг,554
грунт пу белый универсальный pps20,кг,413
эмаль пу цветная ppl r9003 m,кг,748
нетканные абразивные листы 150ммх230мм,шт,79
ускоритель для ПЭ ЕА1 А,кг,199
лак акриловый блеск 25%(25л),кг,1489
отвердитель для акриловых лмк(12л),шт,2398
ведро 6л,шт,42
растворитель для пу средний,кг,62
отвердитель для акриловых лкм 0.4л,л,670
рстворитель 12л,шт,2971
уплотнитель стекла,кг,71
"саморез черный универсальный 3,5х45(500шт)",шт,274
"выключатель, розетки 6шт, плита потолочная 6шт",шт,2342
анкер для пустотелой стены,шт,1000
эксцентрик 16 мм,шт,60
кольцо для патрона е27,шт,11
патрон е27,шт,33
Сетка для аварийного ограждения повышенной прочности 1х50м ячейка 45х95мм,шт,2898
фанера 2/2 фсф 1500х3000х21мм,шт,5270
люк под покраску гиппократ 500х500,шт,2898
изготовление штампа,шт,1400
люки 400х400,шт,2820
"диск алмазный 125х22,23",шт,406
мешки для мусора 90х130,шт,46
профиль врезной белый 18х6мм,п.м,350
шпилька м10х2000 кл.пр.8.8,шт,281
анкер м10 забивной латунный,шт,22
гайка м10,кг,176
шайба м10,кг,176
"саморез ПШ сверло 4,2х13",шт,430
Эмаль аэрозольная зеркальный хром snm002 520мл,шт,472
"Вышка-тура 7,2м",шт,32786
Кнауф подвест профиля пп60х27мм нижняя часть,шт,35
Ветонит шпаклёвка финишная(20кг),шт,849
Пуфас шпаклёвка(20кг),шт,1661
Кнауф лента для швов гипсокартона 52мм бумажная,шт,454
Кнауф грунтовка (10кг),шт,1048
Кнауф профиль потолочный стоечный ПП 60Х27 (3М),шт,222
Кнауф удлинитель профилей ПП60х27мм,шт,12
Mapei Mapegrout Hi Flow 25кг,шт,1482
Арматура 10 а 500с,кг,64
труба х/д 25х2,п.м,442
пена монтажная огнестойкая,шт,666
мини компрессор,шт,6741
"кельма 15878220,15878219,22767039",шт,1024
"диск алмазный 125мм тонкий 16447119,16158040",шт,726
имитация дорожных покрытий,шт,3088
usb флешка,шт,591
перчатки вспененные латекс,шт,65
алиса колонка,шт,4999
комбинезон малярный l,шт,2979
"труба профильная 25х10х1,5",шт,1314
ветошь,шт,1900
стабилизатор dji6,шт,14850
Комплект Фрез,шт,24027
удеживающая система с наплечными и набедренными лямками,шт,856
врезной навес с крюком,шт,97
перчатки вспененные латекс,шт,65
комплект для аэрографа,шт,201000
"бумага а3, картридж",уп,10626
Грунт проникающий - Фассативо А 5л,шт,6732
Грунт с кварцем - Фондо Фино 5 л,шт,7250
Штукатурка декоративная Мармо Нуово - 25 кг,шт,14364
Колер для Мармарино + доп колер,шт,110
"краска на водной основе рал 7032,7046,7043,7037",шт,158
ппу 100 пл.100,шт,13342
бита торсионная(10 шт),шт,400
"стакан одноразовый - 3 уп, средство для пола 5л, салфетки микрофибра - 3 упаковки,мыло- 4 шт, средство для стекол - 5шт",шт,3840
труба ПНД 32 ММ Геопласт гладкая (100м),шт,4118
алиса колонка,шт,4999
рулетка 12м,шт,2283
удлинитель пвс 2х1.5 30 метров в катушке,шт,1799
Подвесы нониус пп60х27 нижняя часть+ верхняя часть+шплинт,шт,118
Анкер клин 6х40,шт,80
Перчатки трикотажные с ПВХ,шт,43
Скотч малярный,шт,209
мозаика,шт,532
полистирол Опал 2000х3000 гл/мат hips gebau ,шт,8923
"клеевая двуст.лента основа 5ммх0,2х50",шт,260
"клеевая двуст.лента основа 9ммх0,2х50",шт,410
"клеевая двуст.лента основа 19ммх0,2х50",шт,1330
балка 20 б1 с255,шт,19457
труба 40х40х2 дл.6м,п.м,158
лист 1х1250х2500 х/к,шт,1845
лист 2х1250х2500 х/к,шт,3700
лист 3х1250х2500 х/к,шт,5650
площадка для кабельных стяжек,шт,265
Нож olfa для графических работ 9мм,шт,727
"Кисть РОССНА ""ДОБРОТНАЯ"" 100 мм",шт,150
"Кисть РОССНА ""ДОБРОТНАЯ"" 50 мм",шт,61
"Щётка с пластиковой рукояткой, щетина из нержавеющей стали Дело техники ",шт,182
Огнетушитель МИГ ОП-4/з АВСЕ (2А 70В С Е),шт,1799
Защитные открытые очки РОСОМЗ О35,шт,114
Мешки для мусора ПРОФИ в упаковке (5 шт; 200 л; 65 мкм; 90х130 см) Концепция Быта,шт,275
"Перчатки СПЕЦ-SB PRO х/б с ПВХ, черные",шт,28
"Плёнка Парников высший сорт, 200 мкм ",шт,986
"Креппированная бумажная малярная клейкая лента AVIORA 50 мм, 50 м",шт,151
"Круг лепестковый (125х22,2 мм; P40)",шт,117
Щетка чашечная для УШМ (125 мм; М14) ЗУБР 3526-125_z02,шт,1105
Светостабилизированная пленка Парников 200 мкм,шт,994
"Флейцевая кисть, 20мм DEXX ПРАКТИК ",шт,24
Корщетка-чашка (125 мм; М14) для УШМ FIT,шт,851
Краска обжимная молот. Хаммерайт черная 5л,шт,8845
Краска обжимная молот. Хаммерайт черная 5л,шт,8790
"Краска Хаммерайт белая 2,2л",шт,6065
угловая шлифмашина dewalt dcg405n-xj,шт,20408
dewalt аккумуляторная батарея 4.0 ач 18.0,шт,6786
Очиститель стекол и зеркал Grass Clean glass 600 мл 110393,шт,154
"Грунт-эмаль для металлопрофиля MASTER PRIME RAL 7024 графитовый серый, 0.9 кг 4300008849",шт,491
"Кисть 38 мм 1,5 дюйма натуральная щетина Вихрь СТАНДАРТ 73/3/4/2",шт,28
Кисть (узкая) 10мм Biber 31101 тов-001953,шт,30
Флейцевая кисть DEXX ПРАКТИК 50мм 0100-050_z02,шт,36
Универсальный силикон PROFIL бесцветный 270 мл 123081,шт,212
Пленка полиэтиленовая высший сорт (40 мкм; 3х10 м) SDM 0619,шт,281
Нож для точного реза KRAFTOOL Grand-9 9 мм 09192,шт,286
Сегментированные лезвия KRAFTOOL BLACK MAX 9 мм, 10 шт,520
Изопропиловый спирт НЕРС+ бутылка 1 л ПЭТ 100006,шт,194
"стеклохолст малярный, плотность 25г 1х50м",шт,2277
клей ПВА 10 КГ,шт,4488
изготовление штампа,шт,1400
мозаика прозрачная 10х10,м.кв,10480
штукатурка Мармо Hyobo 25кг,шт,14365
комплек фрез,шт,1318
комплек фрез,шт,931
Клиновой анкер Tech-Krep 10х120 1 шт - пакет 104672,шт,39
"Вибродемпфирующая лента ТехноСонус СтопЗвук V-100, 30м x 100мм x 4мм 1400400001",шт,1770
Фильт маслянный для ТН-10,шт,3100
ЛДСП Egger 16мм (F509 ST2 Алюминий),шт,3146
Кромка 19х1мм Egger (F509 ST2 Алюминий),п.м,27
ЛДСП 16мм Egger H1145 ST10 Дуб Бардолино натуральный ( лист 2800х2070мм),шт,2730
Кромка 19х1мм Egger H1145 ST10 Дуб Бардолино натуральный,п.м,27
ЛДСП 16мм Egger H3700 ST10 Орех Пацифик натуральный ( лист 2800х2070мм),шт,2970
Кромка 19х1мм Egger H3700 ST10 Орех Пацифик натуральный,п.м,59
Discus Крепление для панели Артикул: 200/D,шт,101
"Ножка мебельная, М6x20, черная Артикул: PI10 M6 X 20",шт,17
"Футорка металлическая D8, М6 Х 17 Артикул: BU03",шт,364
Кромка 29х1мм Egger H3700 ST10 Орех Пацифик натуральный,п.м,75
Кромка 29х1мм Egger H1145 ST10 Дуб Бардолино натуральный,п.м,75
Teks крепление крестовое + крепление Т-образное (комплект) Артикул: 510/520,шт,52
"Комплект петли CLIP top BLUMOTION 110 накладная, крестовая ответная планка с евровинтом 0мм",шт,380
"Комплект петли CLIP top BLUMOTION 110 полунакладная, крестовая ответная планка с евровинтом 0 мм",шт,370
"Комплект петли под фальшпанель CLIP top BLUMOTION 110, крестовая ответная планка с евровинтом 3 мм ",шт,672
86° Ограничитель угла открывания для петли 110°,шт,54
"K-PUSH TECH усиленный толкатель накладной 37 мм с демпфером, серый Артикул: 57008080IJ SET",шт,386
Петля карточная Артикул: CE01,шт,78
"Пластина крепежная металлическая, 50*17 мм Артикул: ПК50",шт,14
Шток эксцентрика угловой двусторонний Артикул: TE13,шт,43
ЛДСП 16мм Egger H3700 ST10 Орех Пацифик натуральный ( лист 2800х2070мм),шт,2970
"Дюбель для гипсокартона ""бабочка"" 10х50 с саморезом 4х60 Кол-во 400шт",шт,11
Дюбель распорный 6х50 с шурупом,шт,112
"D-DR-M-SV Дюбель Дрива металлический со сверлом ОЦ, 12x38 мм",шт,47
"Краска на водной основе объем 0,25 RAL 1014, 1002, 7023, 7024, 1013, 7035, 7040",шт,4640
"Эмаль ПУ RAL 1001, 1014, 7043, 7038, 8002, 5007, 7024, 2004,7035",шт,14527
Водоэмульсионная краска РАЛ 7046 1 л,шт,810
Экран ДЛЯ ELEGOO SATURN MONO,шт,11644
Пленка ORACAL 8510 90 - серебристая мелкозернистая 1м2,м.кв,1324
"Планка для универсального навеса для стеновых панелей без пружины, сталь",шт,48
"Универсальный навес для стеновых панелей без пружины, сталь, 20 кг",шт,147
"Ножка пластиковая серии 1004, h=80 мм",шт,75
База для пластиковой ножки овальная серии 1004,шт,20
Клипса,шт,8
Крепежный уголок КРЕПКО-НАКРЕПКО 50x50x36x2.0 усиленный 41929,шт,18
"Комплект накладной петли CLIP top 107 без пружины для Tip-On, крестообразная ответная планка с евровинтом 0 мм",шт,184
86° Ограничитель угла открывания для петли 107°,шт,28
"TIP-on для распашных дверей, длинный, серый",шт,534
"Tip-On, пластина на клею",шт,113
Евровинт 7х70,шт,200
"Кромка ПВХ, 19/0,4 мм, Алюминий, F509, Egger",п.м,15
"Кромка ПВХ, 29/0,4 мм, Алюминий, F509, Egger",п.м,26
"ЛДСП, 16 мм, Алюминий, F509 ST2, Egger 2800х2070",шт,3146
Шкант 8х30,шт,451
"Евровинт с потайной головкой, 6.3 X 13.0",шт,32
"Евровинт с потайной головкой, 4,0х13",шт,27
Зеркало серебро 4 мм 1888х640,шт,2217
Зеркало серебро 4 мм 1888х579,шт,2034
Зеркало серебро 4 мм 1225х551,шт,1297
CM500310 | Складной пружинный анкер со шпилькой М4 D10 | ДКС,шт,36
"INTEGRO Корректор фасада, врезной, регулировка посередине, L 1200-2300 мм, компл. на 1 дв.",шт,79
МДФ 19 2800х2070,шт,2400
Фанера 18мм 3/3 1525х1525 ФК,шт,976
Фанера 18мм 3/3 2440х1240 ФК,шт,2077
Ножка врезная с пластиковым подпятником,шт,22
"Труба круглая D25 мм, хром, L-3000",шт,417
Шпилька М10х1.5 2 метра,шт,174
Гайка М10х1.5,шт,30
Шайба М10 плоская,шт,28
Анкерный болт Tech-Krep 10х100 1 шт - пакет 108046,шт,37
Химанкер,шт,831
Профильная труба 40х20х1.5,шт,522
Журнал вводного инструктажа,шт,400
Журнал регистрации инструктажа на рабочем месте,шт,800
Журнал противопожарного инструктажа.,шт,2000
Ковролин Дека,м.кв,1080
Линолеум Сандра-Д,м.кв,2000